,Word,Surprisal,prompt
0,A,2.588576940481954,No Context
1,B,3.176238898279885,No Context
2,A,2.9679083539394053,With Context
3,B,3.320629973590115,With Context
