,Word,Surprisal,prompt
0,A,8.60193729788034,No Context
1,B,14.026457822217827,No Context
2,A,8.300897391702822,With Context
3,B,11.091359270221096,With Context
