,Word,Surprisal,prompt
0,A,11.044406668772089,No Context
1,B,34.01169904536272,No Context
2,A,8.939735174059187,With Context
3,B,31.20103752710214,With Context
