,Word,Surprisal,prompt
0,A,6.919946957549248,No Context
1,B,10.457627327242651,No Context
2,A,6.910979715495036,With Context
3,B,6.272929610777786,With Context
