,Word,Surprisal,prompt
0,A,11.044406668772089,No Context
1,B,34.01169904536272,No Context
2,A,7.022796689980556,With Context
3,B,23.236707990594347,With Context
