,Word,Surprisal,prompt
0,A,2.588576940481954,No Context
1,B,3.176238898279885,No Context
2,A,1.335204443350381,With Context
3,B,2.541992975762529,With Context
