,Word,Surprisal,prompt
0,A,2.6779670682978702,No Context
1,B,7.932091713033775,No Context
2,A,3.072645469777275,With Context
3,B,4.953641821278498,With Context
