,Word,Surprisal,prompt
0,A,1.9003524961983476,No Context
1,B,9.348959699080206,No Context
2,A,2.9924833357824276,With Context
3,B,1.2583064129104569,With Context
