,Word,Surprisal,prompt
0,A,8.60193729788034,No Context
1,B,14.026457822217827,No Context
2,A,8.554930957667073,With Context
3,B,5.741805930119444,With Context
