,Word,Surprisal,prompt
0,A,6.919946957549248,No Context
1,B,10.457627327242651,No Context
2,A,7.119408955503518,With Context
3,B,10.351411463241709,With Context
