,Word,Surprisal,prompt
0,A,1.9003524961983476,No Context
1,B,9.348959699080206,No Context
2,A,2.576986322067051,With Context
3,B,2.9321209186655652,With Context
