,Word,Surprisal,prompt
0,A,4.5501786897474386,No Context
1,B1,8.0474211885513,No Context
2,B2,10.608204974910551,No Context
3,A,6.231694402572808,With Context
4,B1,6.9906359033118495,With Context
5,B2,9.10379289296736,With Context
