,Word,Surprisal,prompt
0,A,3.8875471299021123,No Context
1,B1,7.924194128762183,No Context
2,B2,9.693480858174377,No Context
3,A,6.864673824086695,With Context
4,B1,5.077966262335723,With Context
5,B2,4.913732062843003,With Context
